,Age,Gender,Nationality,Site,Working_Hours,Experience,Attendance,Gas_Sensor,Noise_Sensor,Infrared_Sensor,Skin_Response_Sensor,Temperature,Respiratory_Rate,Heart_Rate,Work_Position,Performance
0,23,5,3,0,2,0,0,464,1,2,11.6,38.2,13.2,108.3,1,1
1,27,5,2,1,1,9,0,751,2,2,37.4,37.9,19.4,138.1,3,1
2,22,5,3,1,2,1,0,621,0,0,45.3,36.1,15.0,117.4,5,1
3,32,5,2,2,0,2,1,649,1,2,35.4,38.3,16.9,150.0,2,2
4,29,5,1,2,0,1,0,764,0,2,12.2,37.8,16.7,168.1,3,0
5,26,2,0,0,0,6,0,787,1,2,38.8,36.3,13.2,143.0,3,0
6,33,2,2,0,1,1,1,788,0,0,23.2,37.8,15.9,85.4,2,2
7,21,2,3,1,1,9,0,585,2,1,47.9,37.0,15.7,152.4,0,1
8,37,5,3,1,1,6,1,665,2,2,30.1,36.9,16.7,110.4,1,2
9,39,5,0,2,0,6,1,745,1,1,19.6,37.4,16.8,126.9,2,2
10,30,2,0,0,2,5,1,553,2,0,26.7,37.9,14.0,134.4,5,2
11,21,5,1,0,0,7,0,451,2,0,17.2,37.6,13.9,115.4,0,0
12,24,2,3,1,0,8,0,740,0,1,31.2,37.1,14.4,140.0,1,0
13,29,5,1,0,1,0,1,685,0,0,26.8,38.2,19.0,101.9,0,2
14,21,4,0,1,0,3,0,548,0,2,18.8,37.4,16.5,119.1,3,0
15,36,2,1,0,2,3,0,679,1,1,33.2,37.4,12.1,83.8,1,1
16,32,5,1,0,0,1,1,470,1,2,14.5,36.5,14.4,145.9,4,2
17,38,2,3,0,2,0,0,785,1,2,41.7,38.1,14.6,147.8,3,1
18,40,2,3,2,2,4,1,567,1,1,43.9,38.6,16.1,141.7,3,2
19,28,1,2,0,2,5,1,781,1,0,36.0,36.2,13.9,143.5,3,2
20,21,2,0,2,2,8,0,609,1,1,28.8,36.2,12.9,121.2,1,1
21,40,2,1,0,2,10,0,550,2,2,45.8,38.8,14.6,131.6,2,1
22,29,2,3,0,2,8,1,655,2,1,14.1,38.4,16.9,132.3,0,2
23,29,5,1,2,1,6,0,474,0,2,15.4,36.7,17.2,99.8,5,0
24,32,5,3,0,1,3,0,559,1,1,41.1,36.4,12.3,150.5,2,1
25,32,5,1,1,0,1,1,558,1,2,21.4,38.2,14.7,127.0,0,2
26,37,2,1,0,0,10,0,472,1,2,23.4,38.0,12.7,86.5,4,0
27,22,2,1,1,1,6,0,626,0,1,28.5,38.0,17.4,131.8,3,0
28,30,5,0,2,1,1,1,798,1,0,49.7,38.9,15.5,168.1,0,2
29,28,2,3,2,1,7,0,475,2,2,46.9,36.4,19.9,161.7,0,1
30,30,5,3,1,2,1,0,754,2,0,16.2,39.0,15.9,134.3,4,1
31,37,5,3,2,0,9,1,669,0,0,26.9,38.6,14.9,107.3,0,2
32,39,2,0,1,2,10,1,589,1,0,18.7,38.6,13.2,179.5,5,2
33,39,5,2,1,2,4,0,576,1,2,32.0,36.0,16.8,163.6,5,1
34,25,5,2,1,2,4,0,475,2,2,36.0,38.6,14.8,90.1,4,1
35,37,2,2,1,1,1,0,478,1,0,24.3,36.0,18.4,119.5,0,0
36,33,5,3,2,2,9,1,742,2,2,49.7,38.1,14.4,171.0,1,2
37,28,5,2,2,2,5,1,532,1,2,27.0,38.8,18.4,104.6,5,2
38,34,5,2,0,0,10,0,703,0,0,23.8,38.4,12.1,126.2,1,0
39,23,5,3,2,1,7,1,705,1,1,17.6,36.4,16.3,135.6,0,2
40,22,1,1,2,2,10,1,555,1,1,19.4,38.6,13.5,144.1,3,2
41,40,5,2,1,1,8,1,712,0,0,41.8,38.3,17.7,104.5,3,2
42,36,2,2,2,0,9,1,634,1,2,45.2,38.8,18.0,101.2,4,2
43,36,2,2,0,0,1,1,742,2,2,19.1,38.4,14.6,155.6,0,2
44,28,5,2,0,0,0,0,626,2,1,27.9,38.5,19.4,85.6,5,0
45,25,2,3,1,2,9,0,522,1,0,32.3,38.7,16.8,136.2,0,1
46,29,2,2,0,2,9,1,439,1,2,42.6,38.3,16.1,169.5,5,2
47,30,5,0,0,1,4,1,656,0,0,41.1,36.5,14.2,86.7,0,2
48,39,1,2,2,0,9,1,453,1,1,49.6,36.3,13.2,90.7,2,2
49,33,2,1,1,1,0,0,644,0,2,41.7,36.3,14.7,142.4,3,1
50,36,3,2,1,2,2,0,765,1,0,17.9,38.5,18.4,167.1,3,1
51,36,4,1,1,2,2,1,682,1,0,24.7,37.2,19.3,129.2,3,2
52,40,5,0,2,2,1,1,496,2,1,25.8,36.9,12.8,173.8,0,2
53,22,2,1,0,1,10,0,640,0,1,17.2,36.6,15.8,91.9,5,0
54,40,2,1,1,1,2,0,549,1,1,28.9,37.8,18.7,106.5,1,0
55,20,3,0,0,2,7,0,778,2,2,36.5,37.3,17.3,137.6,1,1
56,28,5,1,1,0,3,1,419,0,0,45.0,36.2,12.3,115.1,4,2
57,21,2,2,2,1,1,1,617,1,1,10.9,37.0,16.3,87.7,3,2
58,22,5,0,1,1,6,0,577,1,2,35.5,37.4,18.3,146.1,0,0
59,32,2,2,2,1,10,0,647,1,0,33.7,37.6,15.3,169.2,3,0
60,36,5,3,1,0,9,0,548,0,0,11.4,38.1,13.1,163.8,4,0
61,22,2,0,2,0,9,0,405,1,2,44.8,38.1,16.9,142.4,1,0
62,32,2,3,0,2,5,1,477,0,1,11.6,36.2,16.7,175.5,1,2
63,31,7,1,1,0,2,0,436,0,0,39.0,38.8,17.0,179.8,2,0
64,32,5,1,0,2,8,0,603,0,0,31.0,38.7,15.9,96.5,5,1
65,27,2,2,0,0,9,0,571,0,2,33.4,37.9,14.0,105.7,4,0
66,25,5,1,1,2,0,1,558,0,2,20.7,36.8,13.3,84.7,0,2
67,22,5,2,0,1,10,0,700,0,2,41.7,38.5,13.3,138.0,0,1
68,39,5,3,0,1,7,0,779,0,1,40.0,38.1,18.8,104.5,4,1
69,23,2,3,1,1,1,1,446,0,0,28.9,38.1,13.5,131.7,3,2
70,30,5,0,1,1,5,1,682,1,0,45.2,38.3,15.0,101.8,4,2
71,36,2,0,0,0,1,1,521,1,1,18.3,37.8,19.9,115.0,1,2
72,28,2,1,1,1,2,1,441,1,0,11.5,36.5,18.7,156.3,1,2
73,27,5,2,1,0,10,1,531,1,0,41.2,37.8,15.2,102.6,2,2
74,21,2,2,1,0,9,0,439,0,0,36.3,37.6,13.7,110.7,2,0
75,31,5,2,1,0,1,0,502,1,1,16.1,36.9,14.4,105.8,0,0
76,22,2,1,0,0,0,1,534,0,1,22.7,38.5,13.5,160.0,5,2
77,28,5,3,1,1,4,0,515,2,0,38.3,38.0,14.0,177.1,4,1
78,35,5,0,2,2,1,0,798,1,0,44.5,37.5,15.4,113.6,4,1
79,27,5,2,0,2,1,1,648,2,1,16.0,37.3,16.4,103.7,0,2
80,31,2,1,1,1,1,0,615,2,1,46.6,38.1,13.4,122.4,2,0
81,31,2,1,0,2,4,0,764,1,0,47.7,37.2,19.6,121.7,2,1
82,29,0,3,2,0,0,0,496,0,1,46.6,38.0,19.0,83.4,2,0
83,22,5,2,1,2,10,1,510,1,1,38.4,38.0,16.9,149.6,0,2
84,38,5,3,1,2,1,0,685,1,2,36.5,36.3,15.9,81.4,0,1
85,39,2,2,1,2,6,1,457,1,2,12.3,38.5,17.3,98.1,5,2
86,27,5,3,0,2,2,0,720,1,1,18.1,36.7,15.6,145.3,3,1
87,26,5,1,1,0,6,1,676,1,0,39.7,36.2,18.4,106.3,3,2
88,40,5,0,2,0,4,0,533,0,0,14.7,38.8,13.3,159.9,2,0
89,33,5,2,0,2,5,1,575,2,0,23.8,37.2,12.7,158.3,5,2
90,21,4,0,2,1,9,0,705,1,2,49.3,36.2,13.0,120.8,2,0
91,26,2,1,0,2,7,1,642,0,1,22.3,37.8,13.3,126.0,0,2
92,36,5,3,2,0,5,1,723,0,2,42.5,36.7,19.2,114.5,4,2
93,29,7,0,1,1,2,0,531,0,2,39.8,39.0,12.0,85.3,2,0
94,35,4,1,1,1,0,1,574,0,0,43.6,37.0,18.6,116.0,4,2
95,34,2,1,2,1,2,0,704,2,0,43.6,37.2,13.2,122.4,0,0
96,34,2,1,0,1,3,1,617,1,2,43.0,36.1,17.0,80.1,0,2
97,40,5,1,0,2,6,1,502,0,1,21.8,36.9,19.7,148.1,4,2
98,23,2,1,2,2,3,1,469,0,1,23.5,38.4,19.2,80.6,1,2
99,20,2,3,0,1,7,0,413,1,0,40.8,38.9,18.5,110.2,4,1
100,33,2,1,0,1,10,0,498,0,0,18.0,38.0,16.7,85.2,4,0
101,34,2,1,2,1,1,1,600,0,1,25.8,37.1,19.3,81.3,4,2
102,29,2,2,1,0,6,0,784,0,2,15.4,37.9,17.1,127.1,3,0
103,27,2,1,1,0,6,0,682,2,0,35.8,37.3,18.0,112.6,0,0
104,29,5,3,2,2,2,0,769,2,1,37.7,36.7,17.3,165.0,4,1
105,25,5,3,1,1,4,1,695,0,2,37.1,36.3,18.1,112.0,3,2
106,20,5,2,1,2,7,0,672,1,0,11.8,37.4,15.2,85.1,4,1
107,22,2,0,0,2,4,1,403,2,0,41.8,36.6,19.6,128.1,1,2
108,24,5,0,0,2,1,1,629,1,2,47.2,37.9,15.1,82.6,2,2
109,26,2,3,0,1,0,0,540,1,2,19.0,36.8,19.6,171.6,3,1
110,33,2,3,1,1,7,1,561,2,2,45.6,37.1,13.9,158.2,3,2
111,28,2,3,2,1,0,1,544,2,1,29.2,37.9,17.8,163.5,4,2
112,20,5,3,1,2,10,1,494,2,1,43.1,38.5,18.4,163.8,0,2
113,40,2,1,0,0,0,0,662,0,1,31.2,38.5,13.7,138.1,5,0
114,21,2,2,0,1,6,1,463,2,1,42.3,38.0,13.3,105.9,5,2
115,37,2,1,2,0,2,0,737,2,2,12.8,37.8,12.5,101.9,4,0
116,29,5,1,2,1,8,1,748,1,0,13.4,37.1,15.7,103.4,5,2
117,23,5,1,1,0,2,0,470,2,1,17.1,36.6,16.8,174.3,5,0
118,21,5,3,2,1,0,0,751,0,0,19.8,38.3,18.8,164.7,3,1
119,20,5,3,2,2,5,0,456,2,0,35.5,38.1,15.2,148.1,0,1
120,22,2,0,0,1,10,1,508,1,2,35.6,36.7,13.2,175.9,4,2
121,23,1,3,0,1,1,1,577,0,2,45.8,37.0,12.3,158.3,3,2
122,29,2,2,1,0,10,1,533,2,0,19.9,36.2,13.9,155.5,2,2
123,38,5,3,1,2,8,1,710,2,1,43.1,37.6,16.7,86.8,4,2
124,27,6,3,0,1,5,0,652,1,1,15.1,36.6,19.0,159.1,4,1
125,35,5,3,0,1,9,1,713,2,1,17.9,38.7,15.5,161.8,0,2
126,30,1,0,2,2,5,1,537,0,2,41.5,36.1,15.6,138.6,4,2
127,28,5,0,1,2,10,0,501,0,2,15.3,38.7,16.4,138.3,4,1
128,31,5,2,0,2,3,0,600,0,2,32.9,38.8,19.5,177.6,3,1
129,20,2,1,1,2,10,1,557,0,1,26.5,38.3,12.5,140.4,3,2
130,24,2,3,0,2,10,0,444,1,2,23.9,38.5,14.6,163.4,0,1
131,35,2,2,2,1,1,1,436,0,1,19.3,37.8,12.0,91.9,1,2
132,34,2,2,1,2,4,0,495,2,2,12.0,38.1,13.8,121.0,5,1
133,39,5,2,1,2,5,0,573,0,1,22.7,36.9,16.9,179.3,4,1
134,36,2,1,2,0,6,0,611,2,1,10.8,38.8,17.8,123.8,3,0
135,31,5,1,0,2,1,0,576,0,1,45.7,38.6,15.5,131.3,3,1
136,39,5,1,0,0,9,0,485,1,0,34.0,36.3,13.8,167.5,4,0
137,39,2,2,0,1,3,0,646,2,0,41.8,36.6,13.0,89.6,4,1
138,21,2,3,2,0,3,0,661,2,1,46.5,38.8,19.0,144.0,3,0
139,28,2,1,2,0,4,1,495,1,1,42.6,37.0,18.8,113.6,3,2
140,33,2,3,2,2,9,0,773,2,2,21.2,36.2,14.4,159.3,2,1
141,38,5,2,0,0,10,0,517,0,0,22.7,37.7,13.3,101.7,1,0
142,40,5,3,2,0,3,1,643,1,0,40.2,37.0,19.1,134.7,1,2
143,34,5,1,0,1,3,1,771,0,2,45.4,36.3,17.3,107.0,2,2
144,36,2,3,2,2,2,0,485,2,0,44.3,37.1,17.3,168.2,4,1
145,30,1,1,0,2,9,0,585,0,1,44.6,36.0,16.9,148.1,5,1
146,27,2,1,0,0,3,1,596,2,0,46.3,38.6,14.3,141.5,2,2
147,28,5,0,2,1,4,1,450,1,1,28.6,38.3,12.8,177.3,2,2
148,34,4,1,1,2,9,0,468,0,1,50.0,37.2,16.4,133.5,3,1
149,37,5,3,1,1,1,0,744,1,1,18.0,37.9,14.9,136.4,5,1
150,35,2,3,0,2,5,0,530,0,1,32.6,36.6,13.4,90.6,0,1
151,27,2,1,0,1,5,0,647,1,0,29.6,37.5,15.7,176.3,4,0
152,29,2,3,0,1,10,1,762,1,1,37.1,37.1,13.0,113.4,3,2
153,21,2,3,1,0,2,1,687,0,0,21.4,37.3,15.0,130.5,4,2
154,34,2,2,1,1,8,0,690,1,0,39.1,37.3,16.4,116.0,2,1
155,22,1,3,0,0,5,0,510,1,2,20.5,38.8,19.4,83.6,3,0
156,28,5,2,1,0,0,1,555,0,0,20.5,37.0,16.8,170.6,5,2
157,32,5,1,0,2,4,1,634,1,2,45.2,37.4,13.6,123.9,5,2
158,27,5,0,1,2,3,0,788,1,1,48.5,36.3,18.7,117.8,0,1
159,27,5,2,2,0,2,0,534,0,1,38.3,36.4,16.7,114.5,4,0
160,39,5,0,2,0,5,1,533,2,2,41.3,38.4,14.1,94.0,2,2
161,37,5,2,0,0,7,0,508,2,2,35.0,38.0,18.6,105.5,5,0
162,32,5,2,2,1,8,0,637,2,2,40.8,36.7,19.7,120.7,3,0
163,24,5,3,0,1,2,0,463,1,2,38.8,36.9,14.0,141.8,5,1
164,22,5,2,0,1,7,1,714,1,0,30.9,38.8,16.2,168.7,2,2
165,37,5,1,2,1,1,0,760,2,2,19.7,36.7,20.0,120.3,0,0
166,36,5,1,0,0,8,0,525,1,0,25.1,37.8,15.0,140.4,4,0
167,32,5,2,0,2,10,1,788,0,1,10.3,37.0,17.0,90.1,4,2
168,31,5,3,1,2,1,0,560,0,1,47.3,36.2,15.3,121.0,3,1
169,33,2,0,0,2,3,1,782,1,2,33.1,36.1,17.9,142.2,1,2
170,40,5,0,0,1,6,1,799,2,2,22.8,37.2,16.7,145.6,0,2
171,32,5,2,0,1,6,0,494,2,1,49.5,37.0,16.8,139.7,0,1
172,36,5,1,1,0,8,0,609,1,2,26.9,38.4,13.3,173.2,0,0
173,27,2,2,2,1,9,1,467,2,1,41.2,38.2,18.4,98.8,0,2
174,29,5,2,0,0,1,1,535,1,0,32.0,38.2,17.3,83.8,4,2
175,38,2,2,1,2,5,1,529,1,1,21.5,36.3,15.3,105.0,4,2
176,38,5,2,1,1,0,1,587,2,0,27.4,36.3,17.1,129.0,1,2
177,30,5,0,2,0,9,1,426,2,0,28.0,36.3,13.7,123.4,2,2
178,37,2,0,2,1,1,1,477,1,0,13.7,38.0,13.9,135.8,3,2
179,38,3,2,1,0,7,1,795,1,0,37.4,36.1,14.5,91.8,4,2
180,25,5,1,0,1,5,1,765,0,0,28.5,36.7,19.0,154.4,3,2
181,33,5,2,2,1,10,1,409,0,2,26.5,37.4,18.3,105.0,3,2
182,22,5,2,1,2,8,1,533,0,2,40.9,36.6,16.9,157.5,4,2
183,28,2,2,1,0,4,0,527,0,1,46.0,38.4,14.9,103.9,2,0
184,22,5,0,1,0,7,0,661,1,1,10.1,36.1,17.3,121.5,5,0
185,28,5,0,1,1,9,1,641,2,1,15.1,38.9,18.3,99.2,4,2
186,39,3,2,2,0,2,0,615,1,2,16.0,36.7,16.3,154.8,3,0
187,40,2,0,0,1,0,1,545,2,0,21.4,37.9,15.7,94.2,2,2
188,23,5,3,1,1,9,0,737,1,0,38.7,36.4,18.9,179.0,2,1
189,30,5,0,0,0,4,1,486,2,0,36.4,36.1,14.3,130.8,5,2
190,35,4,0,0,0,3,1,660,0,0,43.4,38.6,17.8,147.5,5,2
191,21,5,0,1,0,10,1,447,1,1,31.3,36.9,16.2,86.4,4,2
192,21,2,1,2,1,2,0,596,1,2,19.5,37.0,12.6,155.4,1,0
193,22,5,0,2,2,6,0,532,1,0,37.9,38.7,14.0,126.8,4,1
194,27,2,3,2,2,8,1,543,1,2,37.6,36.0,16.1,113.9,5,2
195,23,5,0,2,1,3,1,792,1,2,22.0,37.6,15.0,152.2,5,2
196,34,5,1,1,2,1,0,783,0,1,23.3,37.7,14.2,89.1,2,1
197,38,5,1,2,0,1,1,669,2,0,28.5,36.9,13.7,97.5,3,2
198,35,5,1,1,2,6,1,734,0,2,19.3,36.8,14.8,102.8,4,2
199,29,2,2,2,2,4,0,592,2,1,37.1,37.6,19.7,117.7,3,1
200,27,7,3,1,0,3,0,706,2,0,27.9,37.6,18.6,168.3,2,0
201,32,5,1,0,2,5,0,652,0,1,33.3,36.4,15.5,164.9,2,1
202,36,5,3,1,1,7,1,624,0,0,19.7,37.8,16.2,89.4,2,2
203,20,5,3,2,2,5,1,481,2,1,31.3,36.8,15.7,135.3,2,2
204,29,5,2,1,1,7,0,589,2,1,24.8,38.5,16.5,88.0,1,0
205,27,2,1,1,1,7,0,724,1,1,18.5,38.0,19.6,137.9,0,0
206,29,5,1,1,2,1,0,510,0,2,41.7,37.4,18.6,166.4,4,1
207,24,5,3,2,0,9,1,664,1,1,47.0,37.4,15.4,173.2,5,2
208,32,2,1,0,0,10,0,696,0,0,20.0,37.9,14.0,133.5,0,0
209,30,2,0,2,0,5,0,680,0,0,28.9,37.0,14.4,126.7,5,0
210,35,5,2,1,0,1,1,713,2,2,25.4,38.2,16.0,96.5,1,2
211,21,5,1,1,0,10,0,625,1,0,24.9,37.1,13.1,120.5,2,0
212,26,2,0,2,0,0,1,568,1,0,42.8,38.7,13.6,140.3,0,2
213,33,2,0,0,0,10,1,749,2,2,39.6,38.7,14.1,130.2,0,2
214,21,2,2,1,1,10,0,721,0,1,24.8,37.3,18.0,130.9,4,1
215,36,2,1,2,2,8,0,473,1,2,23.6,37.4,13.1,101.7,0,1
216,25,2,1,1,2,1,1,661,2,1,17.2,38.7,15.7,139.8,0,2
217,25,2,2,1,0,5,1,528,2,2,27.5,36.3,17.2,148.4,2,2
218,31,5,3,1,0,9,1,459,2,1,26.5,38.3,19.8,113.4,2,2
219,30,2,3,1,2,8,0,507,0,2,33.6,36.7,13.8,100.4,1,1
220,27,2,2,1,0,7,1,645,2,2,45.1,36.2,18.2,88.6,3,2
221,24,5,2,0,0,4,0,795,2,0,45.4,37.1,19.7,163.7,4,0
222,38,2,3,1,0,3,1,710,0,2,46.1,36.9,16.4,131.9,0,2
223,30,2,2,0,2,1,0,478,0,0,29.6,37.7,19.8,83.5,1,1
224,21,2,1,1,0,5,1,695,1,2,33.1,37.9,13.4,138.0,4,2
225,38,2,0,0,1,9,1,714,1,0,30.3,37.9,14.3,164.7,1,2
226,22,2,0,0,0,7,0,646,2,0,40.8,36.3,13.4,106.7,3,0
227,23,2,3,2,1,8,0,519,2,2,33.1,36.4,13.6,119.5,0,1
228,29,2,0,0,0,9,0,687,0,2,13.6,37.8,16.3,165.6,5,0
229,25,2,1,1,1,6,1,763,2,1,38.2,37.9,15.4,144.5,1,2
230,37,2,1,0,2,7,1,585,0,1,28.8,36.8,15.0,115.9,5,2
231,35,2,3,1,1,7,0,703,1,0,33.3,36.2,14.6,106.9,1,1
232,36,2,1,1,0,4,1,595,1,1,25.4,37.3,14.1,104.6,0,2
233,31,5,0,1,1,7,1,661,2,2,28.0,37.0,18.6,132.7,0,2
234,37,5,2,2,1,3,0,538,1,0,43.7,38.7,12.9,168.3,1,1
235,40,0,1,0,2,0,0,799,2,2,37.5,36.1,12.6,157.3,2,1
236,25,2,3,0,2,9,1,426,0,2,45.9,36.7,14.0,166.1,2,2
237,31,2,0,1,1,8,0,546,0,1,26.9,37.6,16.2,80.1,3,0
238,21,5,3,1,1,7,0,460,0,2,39.6,37.7,20.0,90.1,5,1
239,23,2,3,0,2,7,1,723,2,1,33.7,39.0,15.3,168.7,1,2
240,35,5,2,1,1,8,0,405,1,2,36.6,38.4,12.7,153.6,0,1
241,38,2,2,1,1,10,0,444,1,0,34.8,38.2,16.1,124.2,3,0
242,35,5,2,2,2,10,0,788,1,1,33.3,38.6,18.3,145.0,2,1
243,34,5,1,1,2,10,1,478,2,0,16.5,37.9,18.0,126.9,2,2
244,28,5,2,1,1,7,1,466,1,2,25.4,38.5,18.5,161.2,1,2
245,33,5,2,1,2,10,1,751,1,0,22.9,38.8,18.4,146.5,1,2
246,37,2,2,2,1,2,0,573,1,0,21.2,36.6,16.4,130.9,3,0
247,31,5,0,1,1,0,0,575,2,2,44.9,37.4,17.4,147.4,2,0
248,27,5,0,2,2,9,1,686,1,2,41.7,36.1,16.0,124.8,0,2
249,26,2,1,0,1,6,1,745,0,1,28.2,38.0,19.6,88.4,2,2
250,26,5,1,0,0,1,1,573,0,0,10.3,37.5,15.5,100.7,0,2
251,40,2,0,1,0,1,1,619,1,1,18.3,37.0,16.2,85.1,0,2
252,33,5,2,1,0,4,1,481,0,2,13.7,38.5,15.8,175.0,4,2
253,30,5,1,2,0,3,0,611,1,2,10.3,36.3,18.1,151.6,4,0
254,29,2,3,1,1,2,0,429,1,1,37.2,37.6,13.0,113.4,1,1
255,34,2,0,2,1,3,0,628,2,0,29.5,37.3,12.5,151.3,4,0
256,32,2,3,0,2,1,1,748,2,0,43.2,36.0,16.4,81.6,1,2
257,21,2,3,2,2,4,0,430,1,2,37.7,38.5,17.3,80.4,1,1
258,31,5,2,1,2,2,1,529,0,2,12.0,36.7,14.5,86.3,0,2
259,25,2,0,1,0,8,0,755,2,2,30.5,36.1,17.4,93.8,0,0
260,21,2,3,2,2,9,0,758,1,0,13.0,37.7,14.8,82.2,1,1
261,36,2,0,0,1,7,0,563,1,1,36.4,37.3,13.4,173.4,4,0
262,37,2,0,0,2,6,1,524,0,2,31.4,37.4,18.2,139.5,5,2
263,34,2,2,1,0,3,1,591,2,1,39.3,38.1,12.2,130.5,1,2
264,20,1,0,0,2,4,0,411,0,1,30.3,38.1,16.2,171.6,1,1
265,32,5,3,1,1,6,0,778,2,2,24.3,36.8,15.4,176.3,3,1
266,32,0,1,2,1,3,0,458,1,1,27.5,37.5,16.8,135.1,0,0
267,22,2,2,0,1,2,1,633,0,0,40.2,36.4,16.8,84.0,0,2
268,40,2,2,1,1,9,0,614,2,0,29.6,36.5,12.9,141.7,4,0
269,24,5,0,1,2,8,0,555,2,2,28.1,39.0,12.2,173.5,0,1
270,29,7,1,1,2,10,1,569,0,0,31.1,36.5,13.3,143.8,4,2
271,24,2,1,0,2,0,1,657,1,0,45.8,37.0,12.7,80.3,1,2
272,36,5,0,1,0,0,1,577,0,1,22.3,38.6,14.0,111.8,4,2
273,32,5,1,1,0,6,0,682,0,2,10.3,38.5,18.1,110.8,5,0
274,28,5,1,0,1,6,1,660,1,1,42.7,38.8,17.8,101.5,2,2
275,31,5,2,0,1,3,1,695,1,1,41.9,38.6,17.8,100.1,5,2
276,22,5,1,1,1,1,0,604,1,0,27.0,36.8,16.7,162.8,2,0
277,28,5,1,1,1,4,1,665,2,1,47.9,37.8,13.3,165.9,5,2
278,31,6,0,2,1,1,1,484,2,0,48.4,37.7,18.9,145.7,3,2
279,31,5,0,2,0,10,1,487,0,1,22.0,37.4,12.3,129.2,3,2
280,33,4,1,0,2,0,1,667,2,2,25.1,37.6,14.5,96.7,5,2
281,23,2,0,0,0,8,0,606,0,0,23.3,36.8,19.8,129.4,5,0
282,37,5,0,1,2,6,1,552,0,0,48.9,37.1,12.8,166.2,2,2
283,20,2,2,0,1,10,1,484,0,0,22.5,36.4,12.6,147.8,3,2
284,33,2,1,2,1,6,1,685,0,2,43.8,38.4,17.6,156.1,4,2
285,27,2,3,1,2,6,1,681,1,1,49.7,36.1,12.6,144.4,2,2
286,30,2,0,0,1,8,1,407,2,2,11.7,38.9,19.3,84.5,3,2
287,25,3,1,1,1,9,0,620,0,2,39.4,36.0,16.3,119.1,2,1
288,28,2,0,2,1,10,1,421,0,1,23.3,36.4,17.7,85.1,1,2
289,37,5,2,0,0,6,0,588,0,0,45.6,36.8,18.6,85.1,1,0
290,38,2,1,0,0,5,1,497,2,2,32.5,39.0,14.1,101.4,0,2
291,24,5,0,0,2,10,0,592,2,0,33.6,36.5,15.5,98.4,2,1
292,33,4,2,2,0,0,1,766,2,1,35.6,36.3,18.0,154.2,2,2
293,35,2,1,2,0,0,1,742,2,0,28.5,38.7,17.4,145.2,2,2
294,39,2,3,1,0,2,0,737,0,0,19.8,37.1,19.8,92.1,3,0
295,24,5,1,2,2,2,1,565,1,2,14.4,37.2,13.1,133.7,2,2
296,39,2,3,2,1,9,1,770,2,1,21.0,38.0,14.4,150.8,1,2
297,37,2,3,2,0,4,0,606,1,2,32.9,36.8,18.2,86.8,3,0
298,32,2,0,0,0,8,0,527,2,0,23.0,36.6,18.4,170.6,3,0
299,30,2,2,1,2,5,0,578,0,0,34.7,37.0,14.3,102.2,1,1
300,38,2,0,1,1,5,0,686,1,1,25.4,37.3,17.8,102.7,3,0
301,36,2,0,2,1,7,1,579,2,2,26.4,37.7,17.9,168.3,0,2
302,35,5,2,2,1,0,1,444,1,1,19.0,36.4,16.9,172.0,3,2
303,21,2,3,0,2,5,1,439,2,0,29.8,36.8,14.0,132.0,4,2
304,23,2,1,2,0,5,0,626,2,2,19.3,37.2,13.3,130.8,1,0
305,33,5,0,2,0,1,0,681,1,1,31.6,37.3,18.4,107.9,0,0
306,30,5,0,2,0,8,0,559,2,0,13.9,37.4,12.6,85.5,4,0
307,37,2,3,2,1,6,1,798,1,1,30.8,36.2,14.0,131.5,4,2
308,20,2,3,0,2,10,0,572,1,0,29.9,36.4,18.3,161.8,1,1
309,39,2,0,2,2,6,0,677,0,2,18.5,39.0,16.7,83.7,4,1
310,21,5,3,0,1,3,1,759,2,1,45.1,36.3,14.8,138.3,4,2
311,33,2,0,0,2,7,1,495,1,1,26.0,39.0,16.0,97.9,3,2
312,22,3,3,0,1,3,1,707,2,0,13.7,38.9,19.5,99.0,5,2
313,32,2,0,1,1,2,1,767,0,2,39.8,38.0,14.0,95.4,4,2
314,35,2,2,0,0,3,0,734,1,1,38.6,36.8,16.6,105.7,5,0
315,29,2,0,2,0,0,1,547,0,0,31.0,38.9,17.8,113.1,4,2
316,33,5,1,1,2,2,0,665,0,1,49.4,38.8,15.0,171.2,2,1
317,23,5,0,0,2,4,1,604,1,0,23.2,38.6,12.1,164.1,3,2
318,40,2,0,1,1,10,0,477,1,0,22.8,38.2,15.6,96.4,0,0
319,23,2,3,1,2,1,1,795,2,1,34.0,38.0,12.7,108.2,2,2
320,21,2,1,2,0,3,1,762,0,1,33.1,36.2,19.4,179.3,3,2
321,36,2,2,1,1,2,0,745,0,2,11.7,37.1,18.4,135.7,1,1
322,32,2,2,2,2,7,0,436,0,2,45.2,38.4,12.7,135.8,1,1
323,32,2,0,0,2,2,0,535,1,2,46.5,36.5,16.0,120.0,4,1
324,40,5,0,0,2,9,0,728,2,1,44.7,36.5,12.6,162.2,4,1
325,39,5,3,0,1,5,1,672,0,0,23.6,38.5,15.9,161.5,2,2
326,27,5,3,2,2,2,0,703,0,0,32.1,38.9,18.9,102.1,5,1
327,35,2,0,1,2,1,0,560,2,0,47.0,37.3,12.6,138.6,0,1
328,36,5,1,0,1,4,1,437,0,1,33.6,38.0,19.9,150.4,0,2
329,32,5,3,0,0,1,0,611,1,2,34.8,36.7,17.6,148.3,3,0
330,23,5,3,1,0,4,1,722,1,1,46.2,37.5,14.9,94.4,2,2
331,34,5,1,1,0,4,1,400,0,1,27.5,38.4,15.9,129.9,5,2
332,35,2,3,0,0,10,0,537,2,1,25.6,36.8,15.9,109.6,0,0
333,22,5,1,0,0,4,1,554,0,1,31.7,38.6,19.3,105.3,1,2
334,36,5,1,2,1,5,0,531,0,0,31.8,36.9,16.4,137.0,1,0
335,39,5,1,1,0,10,0,607,0,1,42.3,37.5,12.3,140.4,1,0
336,34,2,0,2,2,0,0,617,0,1,42.1,37.5,19.1,132.3,2,1
337,33,5,1,0,0,10,0,529,1,1,50.0,37.1,13.7,146.7,4,0
338,22,5,0,0,1,8,0,447,1,1,21.4,36.7,17.0,159.3,2,0
339,37,2,3,1,2,7,0,538,0,1,11.0,38.2,18.1,107.5,4,1
340,20,2,2,1,0,10,1,724,1,0,42.9,37.6,13.2,168.1,5,2
341,20,5,0,1,0,6,0,477,2,2,34.8,38.2,14.6,123.6,0,0
342,26,5,0,1,2,8,1,788,1,2,21.7,37.1,17.3,113.9,2,2
343,35,2,3,2,2,9,1,755,0,2,14.6,36.5,13.4,98.9,3,2
344,35,2,1,2,0,1,1,716,2,2,23.9,37.8,14.7,85.0,3,2
345,29,2,3,1,2,10,1,797,0,2,38.7,36.4,14.5,118.8,4,2
346,29,5,1,1,0,3,0,462,1,0,32.5,37.7,12.1,135.0,5,0
347,27,2,0,0,1,2,1,462,2,0,46.4,38.7,16.8,148.6,0,2
348,22,2,1,0,1,2,1,401,1,2,12.6,36.8,14.4,86.3,3,2
349,38,2,3,1,2,4,0,644,0,0,19.3,36.5,18.3,108.1,1,1
350,39,5,2,1,0,4,1,556,1,1,43.2,37.4,15.3,173.0,1,2
351,22,2,2,1,1,7,1,585,0,1,11.9,37.1,15.1,169.3,3,2
352,34,1,1,0,0,4,1,557,0,0,12.0,36.7,15.7,147.1,0,2
353,28,2,0,2,2,4,1,494,1,1,38.2,38.0,15.4,134.6,1,2
354,25,5,2,0,2,10,0,559,0,1,21.3,36.9,17.9,169.3,5,1
355,25,5,3,0,1,2,0,793,2,2,39.5,37.3,15.7,143.3,4,1
356,36,5,0,0,0,9,0,613,2,1,21.6,38.8,17.2,118.2,1,0
357,37,2,0,1,0,2,0,621,1,1,43.7,37.1,15.4,151.6,4,0
358,28,5,2,1,0,9,0,788,0,0,45.0,37.5,12.5,110.6,4,0
359,30,5,1,1,0,9,0,627,2,1,44.6,36.2,15.1,103.1,4,0
360,29,2,3,1,0,2,1,716,0,2,44.3,37.7,18.5,158.7,4,2
361,39,5,2,1,1,7,0,614,1,2,46.5,37.9,18.9,151.0,1,1
362,35,5,3,0,2,10,0,793,1,1,36.4,37.2,18.0,146.3,3,1
363,39,5,1,1,0,6,0,543,0,1,43.7,37.2,19.0,128.2,1,0
364,24,2,3,2,1,6,0,691,0,1,47.5,37.7,13.8,158.4,5,1
365,38,5,0,2,0,2,1,542,2,0,39.1,38.1,19.2,87.1,3,2
366,32,5,0,1,2,8,0,537,1,1,46.2,36.8,17.1,175.8,4,1
367,39,2,3,2,0,7,1,798,2,2,30.5,38.1,12.2,128.1,1,2
368,39,2,0,2,2,6,0,534,2,0,47.4,38.0,19.5,165.1,0,1
369,36,2,3,1,1,9,1,749,2,1,26.2,38.5,17.2,160.3,4,2
370,39,2,0,1,2,3,1,737,2,1,17.3,38.6,14.0,155.3,0,2
371,25,2,0,0,2,2,1,528,0,0,49.6,38.1,16.7,97.2,2,2
372,23,2,1,1,0,2,0,479,2,1,17.1,37.7,18.1,91.8,0,0
373,22,3,3,0,0,7,0,453,1,2,33.1,36.9,14.5,101.3,1,0
374,23,2,1,1,1,0,0,765,0,2,34.7,38.7,17.7,135.4,2,1
375,33,2,3,2,1,10,1,447,2,0,21.3,37.0,18.5,97.2,2,2
376,28,2,2,2,1,9,0,570,2,2,15.1,36.5,19.6,98.0,4,0
377,37,2,2,2,2,2,1,760,1,0,43.8,38.6,14.4,159.6,5,2
378,30,5,2,1,0,6,1,544,0,2,22.5,36.4,18.8,173.3,0,2
379,31,5,1,0,1,8,0,566,0,2,13.0,38.8,15.6,96.8,0,1
380,21,5,3,0,2,1,1,514,1,2,49.4,37.1,14.1,134.6,4,2
381,20,2,2,2,0,6,0,615,1,1,13.8,38.4,15.3,117.7,5,0
382,28,5,3,0,1,10,0,798,0,1,10.7,36.3,13.6,121.5,1,1
383,22,5,0,0,2,5,1,695,1,2,17.9,37.8,19.5,163.0,4,2
384,29,2,1,1,2,8,1,699,2,0,38.9,38.8,19.8,127.2,2,2
385,28,5,3,1,1,6,0,568,2,1,48.0,36.3,12.9,146.1,3,1
386,21,2,0,0,1,3,1,539,2,0,35.4,39.0,14.5,143.5,1,2
387,36,2,1,0,1,2,1,673,0,0,40.7,38.1,15.7,87.1,4,2
388,21,3,1,0,2,3,1,407,2,0,43.3,38.9,19.2,151.2,0,2
389,31,2,2,1,1,3,0,419,1,1,28.3,37.0,14.2,153.2,2,0
390,27,3,3,0,0,0,0,628,2,2,47.7,37.4,15.8,139.7,5,0
391,39,5,0,1,0,6,0,638,0,1,34.5,36.1,16.3,167.4,0,0
392,23,5,1,0,2,6,1,509,1,1,45.1,36.1,17.3,82.7,3,2
393,23,5,3,2,2,10,1,670,2,2,33.6,37.9,19.8,96.9,2,2
394,20,5,3,0,1,4,0,716,2,0,18.9,36.4,15.7,133.0,3,1
395,22,2,3,2,1,9,0,577,1,0,42.1,38.8,15.9,102.4,5,0
396,25,5,2,1,0,4,0,776,2,0,10.2,37.0,16.4,152.3,5,0
397,33,5,1,1,1,2,1,799,1,0,45.7,37.2,14.8,129.0,3,2
398,24,5,2,0,2,6,0,482,0,0,25.9,37.9,12.1,94.7,2,1
399,36,2,1,2,1,9,1,446,0,1,35.1,37.5,16.7,131.7,4,2
400,34,5,3,0,0,10,1,567,0,2,30.4,37.6,14.4,143.9,5,2
401,39,2,3,0,2,1,0,621,1,0,49.2,37.9,13.0,171.9,5,1
402,20,2,0,2,2,10,1,469,2,0,47.2,38.8,13.4,156.5,1,2
403,30,2,1,1,2,3,0,689,0,1,48.6,38.2,14.2,97.9,0,1
404,26,2,1,0,2,3,0,514,2,1,25.9,38.3,19.8,82.8,5,1
405,33,2,0,1,1,9,1,631,2,0,16.5,36.1,13.3,92.3,1,2
406,38,5,0,2,0,8,1,406,0,2,38.1,38.4,18.0,142.1,5,2
407,34,5,1,1,2,0,1,636,2,0,31.2,36.3,15.6,127.7,3,2
408,37,5,2,2,2,6,1,782,1,1,11.9,36.8,18.7,113.2,4,2
409,20,6,0,2,1,5,1,483,2,2,36.1,36.5,16.1,94.3,3,2
410,26,5,3,2,2,3,0,592,0,0,15.1,38.1,13.4,164.1,4,1
411,32,2,2,0,2,0,0,595,0,2,45.6,37.9,15.3,150.6,1,1
412,27,2,3,1,0,1,1,512,0,0,32.2,38.6,15.2,133.4,2,2
413,27,2,1,1,2,7,0,407,0,0,20.1,37.2,13.2,145.8,1,1
414,21,5,3,1,1,8,1,750,0,2,34.1,37.1,19.4,91.8,2,2
415,37,5,3,1,2,1,0,558,2,0,26.5,38.8,13.5,178.4,3,1
416,21,2,0,0,0,7,1,489,1,1,43.8,37.2,14.8,80.5,3,2
417,31,0,1,0,2,8,0,717,1,0,29.4,38.5,19.9,117.2,1,1
418,38,2,3,1,2,0,1,542,0,0,23.7,36.4,12.1,109.2,3,2
419,29,5,3,2,2,8,0,613,2,0,39.1,38.9,19.6,85.2,0,1
420,31,2,1,2,1,0,1,651,2,2,40.6,38.0,14.9,116.7,2,2
421,33,2,1,0,1,7,1,568,1,1,39.5,36.2,19.4,170.7,4,2
422,34,5,3,0,1,9,0,521,0,0,28.2,36.3,15.0,119.5,2,1
423,32,1,1,2,1,3,1,789,2,2,41.4,37.0,18.5,123.5,2,2
424,27,5,0,0,2,10,0,640,0,0,32.0,36.9,16.5,138.8,0,1
425,34,5,0,1,0,5,0,529,0,2,36.5,36.0,15.5,86.2,5,0
426,32,5,2,2,2,0,0,447,1,1,32.8,37.4,16.2,82.0,5,1
427,20,5,1,0,2,6,1,730,2,0,34.5,39.0,17.5,129.2,3,2
428,31,7,3,2,0,5,0,634,0,2,43.3,37.5,16.1,123.5,2,0
429,29,2,2,1,2,6,0,776,0,1,16.9,37.7,14.6,142.5,2,1
430,34,2,2,1,0,4,0,609,0,1,19.0,36.4,13.2,118.4,5,0
431,36,5,0,2,1,5,1,551,0,0,22.6,37.0,14.9,103.3,5,2
432,20,2,1,1,0,9,0,531,0,0,28.0,36.1,14.8,169.6,5,0
433,28,5,2,1,1,2,1,432,2,1,22.6,37.2,12.4,132.5,5,2
434,38,2,1,0,2,10,1,485,2,0,10.4,37.6,15.4,167.5,4,2
435,40,2,1,2,1,3,1,796,1,1,12.7,37.8,17.3,147.7,3,2
436,30,2,0,0,2,2,0,705,0,0,12.7,37.5,18.3,129.7,5,1
437,28,5,2,1,0,5,0,697,0,1,34.4,36.1,19.1,118.4,0,0
438,37,2,2,1,2,3,1,647,2,0,25.9,37.1,13.6,118.4,0,2
439,22,2,0,0,0,0,0,736,0,2,29.4,37.5,15.8,152.6,2,0
440,30,2,0,0,1,1,0,540,2,1,29.3,37.3,15.7,123.4,1,0
441,40,2,2,2,2,2,0,566,1,1,16.8,36.1,18.0,85.4,3,1
442,25,4,3,2,2,3,1,427,2,2,38.7,36.9,14.1,171.2,1,2
443,20,0,2,1,1,10,1,534,1,2,12.6,36.7,17.8,166.4,4,2
444,35,2,1,1,0,3,1,587,1,2,25.2,37.8,14.3,117.5,3,2
445,34,5,2,1,2,10,1,701,2,1,27.0,37.5,17.6,173.3,1,2
446,30,5,2,2,0,6,1,765,2,2,37.3,36.2,17.8,131.9,2,2
447,39,2,1,0,2,0,0,666,1,2,40.5,36.5,17.4,154.5,5,1
448,34,5,3,1,2,5,0,479,2,2,17.4,37.0,13.8,143.3,2,1
449,22,5,1,2,0,9,0,750,1,2,27.9,36.7,16.0,150.0,4,0
450,34,5,2,2,0,0,0,412,1,2,23.2,38.5,17.6,82.0,3,0
451,33,2,0,1,1,4,0,652,0,1,48.4,38.3,12.8,102.8,2,0
452,31,2,0,0,1,9,1,787,1,0,45.6,38.3,13.3,122.2,4,2
453,40,2,3,2,2,3,1,662,2,2,21.2,37.6,13.1,144.8,2,2
454,34,2,3,2,0,9,0,446,2,0,44.2,39.0,15.8,151.4,4,0
455,21,5,0,2,0,5,1,690,0,1,38.7,38.2,16.2,125.1,2,2
456,37,3,1,1,1,9,1,406,0,0,25.4,38.3,15.7,165.0,4,2
457,20,2,1,1,0,3,0,687,2,1,27.7,36.8,19.2,146.2,0,0
458,26,2,1,2,0,0,0,465,0,1,38.8,37.4,18.2,148.4,4,0
459,28,2,3,1,2,3,1,603,0,2,20.5,38.1,13.2,169.8,5,2
460,33,5,1,1,1,8,1,626,2,1,22.0,36.3,16.8,123.2,2,2
461,33,4,0,1,0,7,0,517,0,1,39.6,36.9,17.1,158.6,5,0
462,23,5,3,1,0,4,0,634,0,2,22.1,37.4,13.0,173.8,2,0
463,31,5,2,0,2,7,0,616,1,2,39.2,36.2,17.0,172.6,4,1
464,24,7,3,1,0,7,0,622,2,0,16.3,36.6,18.8,105.4,5,0
465,22,5,3,2,0,5,1,676,2,1,37.9,37.7,17.8,84.8,1,2
466,39,2,0,0,1,3,0,697,0,2,40.7,38.2,16.2,121.7,0,1
467,36,2,3,0,0,8,1,743,1,1,32.8,38.1,17.9,122.5,2,2
468,28,5,0,0,0,5,0,550,2,2,39.3,36.6,15.7,107.6,5,0
469,35,5,3,2,0,2,0,521,0,2,21.1,36.4,18.1,103.0,0,0
470,24,5,2,2,2,10,1,705,1,1,38.2,36.3,13.2,150.8,2,2
471,38,5,2,1,0,3,1,646,1,0,26.2,36.6,16.0,100.6,2,2
472,31,2,2,1,1,8,0,664,1,2,26.4,36.4,18.0,177.8,2,1
473,34,2,2,0,2,6,1,623,1,2,46.8,38.4,18.0,177.1,0,2
474,20,5,1,2,0,9,1,694,1,1,46.6,37.8,15.7,164.6,3,2
475,37,2,3,0,0,10,0,413,0,1,24.8,37.9,18.8,89.5,2,0
476,39,5,3,2,0,1,0,594,1,1,30.4,37.3,18.9,107.9,0,0
477,24,5,3,2,1,0,0,708,0,0,31.4,37.4,12.4,171.4,1,1
478,37,1,0,0,2,7,1,620,2,1,21.6,38.9,17.8,144.0,1,2
479,30,5,2,2,0,6,1,525,2,1,28.9,38.7,18.2,86.8,2,2
480,39,6,3,1,0,8,0,455,1,2,13.5,38.8,17.6,133.0,5,0
481,35,2,2,0,1,0,1,558,0,2,10.6,38.9,15.0,125.2,3,2
482,37,5,1,0,1,8,0,555,0,1,23.4,36.8,16.2,110.1,4,0
483,29,2,0,1,2,8,0,552,2,1,28.8,37.4,17.5,83.3,0,1
484,36,2,0,1,0,3,0,405,2,1,44.4,36.7,18.2,162.5,5,0
485,20,5,3,0,1,2,0,773,1,2,16.7,37.8,17.5,144.7,3,1
486,38,2,2,2,0,2,0,783,2,0,40.5,38.6,17.7,145.1,5,0
487,23,2,2,1,0,10,0,527,1,1,10.3,36.9,12.5,86.2,2,0
488,26,4,0,2,1,4,1,685,0,2,46.7,37.1,14.3,83.8,3,2
489,25,2,3,0,2,4,0,402,2,1,49.5,38.3,13.2,130.5,4,1
490,29,3,0,1,1,0,0,401,2,1,16.9,38.4,15.7,150.3,4,0
491,39,5,3,2,0,9,1,565,0,1,28.7,37.7,13.7,89.2,5,2
492,33,2,1,1,1,10,1,740,1,1,12.9,38.7,15.7,163.9,4,2
493,24,5,2,1,0,2,0,670,2,0,48.1,37.3,19.3,106.7,5,0
494,29,5,2,2,1,8,0,510,2,1,24.0,36.4,19.5,134.4,3,0
495,20,2,2,2,1,3,1,528,0,2,34.3,38.0,16.3,142.9,3,2
496,28,5,0,0,0,6,0,649,2,2,30.8,38.4,16.4,169.0,1,0
497,20,2,1,0,2,1,0,439,1,2,22.0,37.3,19.1,89.0,3,1
498,27,6,2,2,0,9,1,524,0,0,15.5,36.9,16.2,158.5,3,2
499,38,2,2,2,0,7,1,778,1,1,22.5,36.1,12.1,122.4,2,2
500,40,5,2,1,0,9,0,706,2,1,22.0,36.8,14.5,96.8,1,0
501,35,5,0,2,0,2,0,626,1,2,16.6,37.4,13.7,170.6,0,0
502,32,2,2,0,1,1,1,598,2,2,30.0,36.8,18.4,144.3,2,2
503,32,5,3,1,0,5,0,587,2,0,36.0,38.1,13.8,105.9,1,0
504,33,5,2,2,0,4,0,572,2,1,38.4,37.7,15.4,160.7,3,0
505,22,2,3,1,2,2,0,768,0,2,41.6,38.2,18.2,143.8,5,1
506,36,5,1,0,1,9,1,543,1,0,24.2,37.8,13.6,137.7,1,2
507,28,5,3,0,1,8,0,461,2,2,49.1,36.6,14.6,131.6,2,1
508,32,5,0,2,2,2,1,706,0,0,16.5,37.3,17.2,151.5,3,2
509,37,5,3,1,1,0,0,598,0,1,22.4,36.4,14.9,154.0,3,1
510,21,2,0,0,0,10,0,513,1,2,48.6,38.0,12.2,106.7,2,0
511,23,5,1,2,0,6,1,483,1,0,16.8,38.9,15.7,81.0,1,2
512,39,5,0,0,1,9,1,522,1,1,41.0,38.9,17.3,169.8,4,2
513,21,5,3,1,0,1,1,584,0,1,39.9,38.5,14.7,159.0,3,2
514,33,5,0,1,0,0,1,485,0,2,14.3,36.1,18.7,116.6,3,2
515,26,0,3,1,1,9,1,713,1,1,30.5,38.5,18.5,103.0,1,2
516,34,0,2,0,0,10,0,513,2,0,27.8,38.4,15.2,89.5,4,0
517,22,2,2,2,1,0,1,530,1,0,47.1,36.5,14.4,112.8,0,2
518,27,2,2,0,1,1,0,666,2,0,49.6,36.8,13.3,123.7,0,1
519,36,2,0,0,1,2,1,760,1,2,13.1,37.1,14.8,102.7,4,2
520,38,2,1,0,2,8,0,714,2,2,30.7,38.2,16.3,105.8,5,1
521,39,2,3,2,0,6,0,584,1,2,11.5,37.7,19.3,106.1,1,0
522,34,2,0,2,2,4,1,693,1,1,12.8,37.9,19.3,95.6,2,2
523,39,5,3,2,2,4,0,654,1,1,14.6,36.4,16.7,115.6,0,1
524,25,5,0,2,2,5,1,606,0,0,33.7,38.7,19.1,111.4,1,2
525,36,2,3,1,2,9,1,520,1,1,14.3,37.7,19.3,159.1,0,2
526,20,2,1,1,0,1,0,444,1,2,37.5,36.7,14.1,148.7,5,0
527,38,2,2,1,1,7,1,451,1,1,46.4,36.9,15.6,117.1,5,2
528,26,5,0,0,0,1,0,423,1,0,21.0,36.2,18.8,160.5,1,0
529,40,2,0,1,1,9,0,468,0,1,40.7,37.5,19.5,178.9,3,0
530,23,5,1,0,1,9,0,455,1,1,20.8,37.7,13.2,159.5,4,0
531,35,2,1,0,1,10,0,648,2,1,18.7,37.5,16.1,122.4,2,0
532,24,5,0,0,1,2,0,502,1,2,36.6,39.0,12.7,126.3,1,0
533,30,7,3,2,2,1,0,501,0,0,37.6,36.6,18.9,127.3,0,1
534,31,4,1,1,0,5,0,554,2,0,30.3,37.2,15.9,119.2,2,0
535,35,2,1,2,1,9,0,608,2,2,46.4,37.9,18.5,172.3,2,0
536,21,2,0,0,1,2,0,612,0,2,26.1,38.6,15.8,124.1,4,0
537,32,5,3,1,1,10,0,465,1,1,22.1,38.0,17.1,173.8,3,1
538,29,2,0,1,2,9,0,795,0,1,36.6,37.0,16.4,123.5,5,1
539,36,2,2,2,2,1,1,647,2,2,15.4,37.0,19.4,108.5,5,2
540,30,2,3,0,2,5,0,580,0,2,27.8,37.6,13.0,148.9,2,1
541,26,5,0,0,1,6,1,614,0,1,32.7,37.5,15.1,173.1,1,2
542,32,2,2,1,1,1,0,589,1,2,37.0,37.0,17.7,116.7,3,1
543,40,5,0,0,0,5,0,570,2,1,16.8,36.1,19.2,126.8,5,0
544,27,2,0,1,1,6,0,522,2,0,38.9,36.8,19.8,84.6,5,0
545,25,5,1,1,2,9,0,790,2,2,27.7,37.5,16.9,169.4,0,1
546,37,2,0,1,0,7,0,537,2,2,32.5,36.6,17.4,164.3,3,0
547,22,5,0,1,2,6,0,550,1,2,16.4,38.5,12.7,122.8,4,1
548,24,2,0,2,1,6,1,774,2,0,19.7,37.7,14.4,154.9,2,2
549,24,5,1,0,1,5,0,686,1,2,31.6,36.3,14.8,124.6,0,1
550,40,2,2,1,2,8,1,623,1,2,49.9,36.0,17.7,159.0,0,2
551,29,2,3,0,2,3,0,769,0,2,38.4,36.6,18.0,111.4,0,1
552,36,2,2,1,0,2,1,598,0,0,27.7,36.3,18.2,128.0,5,2
553,29,5,3,2,2,6,1,433,1,2,37.8,37.4,17.7,88.4,1,2
554,31,5,2,1,0,4,0,776,1,2,48.6,38.1,19.8,178.5,4,0
555,27,5,3,0,1,9,1,768,2,1,13.0,37.6,16.5,124.7,1,2
556,20,2,2,2,0,8,1,544,1,1,38.4,36.8,16.8,117.2,1,2
557,38,5,1,0,1,3,0,414,1,0,10.7,36.8,18.4,149.2,5,0
558,25,5,2,2,2,2,1,443,0,0,44.2,38.3,17.4,162.7,0,2
559,20,5,1,2,0,3,0,512,0,2,24.7,36.3,16.6,176.9,1,0
560,40,2,3,0,0,5,1,646,0,0,31.4,37.7,13.1,129.3,3,2
561,34,2,0,1,1,8,1,763,2,1,22.3,37.4,13.3,84.3,5,2
562,36,5,2,1,1,3,0,684,1,1,47.9,38.4,17.7,107.4,1,1
563,29,2,2,2,2,9,1,532,0,0,38.0,38.1,13.3,92.7,0,2
564,35,2,3,0,1,9,1,557,0,2,26.5,37.1,14.8,135.3,0,2
565,29,5,3,2,0,0,1,520,1,1,48.9,38.0,19.4,163.6,1,2
566,29,5,0,1,1,7,1,781,1,2,49.5,36.5,18.1,175.0,3,2
567,21,2,0,2,1,4,0,468,2,0,47.6,38.2,16.7,153.7,0,0
568,23,2,3,0,0,1,1,756,1,2,26.2,37.0,14.6,175.0,4,2
569,33,2,1,2,0,0,0,743,1,0,49.7,38.1,16.4,179.9,1,0
570,28,5,3,2,0,8,0,741,2,1,34.3,36.6,17.2,144.4,0,0
571,29,5,1,0,2,5,1,586,2,1,29.8,36.7,13.6,145.8,1,2
572,27,5,2,0,0,2,0,628,0,0,31.6,37.9,16.5,136.0,2,0
573,22,5,3,1,0,8,0,722,1,2,15.4,37.2,12.2,94.5,4,0
574,31,5,2,2,2,7,1,697,0,0,46.7,39.0,19.1,174.9,4,2
575,34,2,3,1,2,4,0,476,0,2,14.3,37.6,18.6,103.5,0,1
576,23,2,2,1,1,2,0,415,1,1,21.8,38.3,17.5,90.0,2,0
577,23,5,0,1,1,8,1,718,1,0,27.0,37.7,17.7,104.4,0,2
578,34,5,1,1,0,0,0,456,1,2,24.8,37.3,15.2,92.7,2,0
579,31,2,3,1,0,4,1,538,0,0,45.6,37.9,12.3,130.6,2,2
580,21,5,0,1,1,5,1,446,2,1,21.5,37.4,18.0,96.6,5,2
581,27,2,3,2,0,5,1,422,2,0,12.5,38.3,17.6,159.5,2,2
582,37,2,0,1,2,10,0,470,0,2,49.7,37.3,17.7,145.8,3,1
583,32,1,2,2,1,9,0,670,1,0,32.7,37.6,13.6,111.8,0,0
584,31,4,1,1,0,4,0,755,1,2,24.0,37.4,12.4,91.7,5,0
585,27,2,3,2,0,8,1,672,2,1,13.9,38.5,15.1,103.7,3,2
586,21,2,0,1,0,2,1,634,1,2,22.4,38.5,17.6,130.8,2,2
587,31,2,0,0,2,3,1,708,0,1,34.1,36.9,19.0,117.8,0,2
588,35,2,2,1,2,6,0,494,0,1,40.7,38.4,18.6,120.5,2,1
589,25,5,0,1,1,1,0,427,0,1,17.6,36.7,19.3,103.5,4,0
590,36,5,2,2,0,1,0,493,2,0,10.7,38.8,18.2,91.6,5,0
591,23,7,0,2,2,8,1,567,2,1,12.0,36.3,19.2,89.5,3,2
592,35,7,2,1,0,9,1,787,2,2,46.7,38.6,13.1,112.5,4,2
593,39,5,1,2,1,1,0,735,1,0,35.7,37.2,12.7,120.3,3,0
594,25,2,0,2,0,4,1,449,1,1,45.1,37.4,18.2,173.1,0,2
595,32,5,2,2,1,5,1,501,0,2,12.6,37.3,16.5,96.8,3,2
596,25,5,1,2,0,2,0,671,2,0,39.9,38.1,12.5,103.1,3,0
597,28,2,2,2,0,4,1,545,0,0,19.1,36.3,16.5,122.2,0,2
598,23,2,3,1,0,5,0,677,1,2,40.7,37.6,18.8,102.4,5,0
599,39,5,3,0,1,3,0,602,2,0,12.6,38.1,15.1,115.8,1,1
600,21,2,0,1,1,5,0,402,1,2,23.4,37.0,16.5,124.4,5,0
601,26,2,2,1,1,3,0,514,1,0,13.5,38.3,14.1,107.0,3,0
602,26,2,2,2,2,7,1,666,1,1,13.3,36.3,18.0,92.4,5,2
603,35,5,3,1,2,1,1,623,0,1,20.1,36.4,13.5,103.0,2,2
604,39,5,1,1,1,7,0,406,0,2,25.1,37.4,17.4,128.7,0,0
605,26,2,2,2,0,5,0,707,1,0,26.9,36.2,18.1,91.1,2,0
606,33,5,3,2,2,0,0,703,2,0,26.0,37.6,13.4,122.2,3,1
607,26,5,2,0,0,3,1,588,1,2,17.1,38.7,17.0,146.7,2,2
608,38,2,2,1,1,5,0,542,2,0,40.3,36.7,16.6,142.3,2,0
609,25,5,1,1,1,0,1,418,0,1,46.5,36.8,13.8,109.7,5,2
610,29,5,3,1,0,2,0,753,0,1,24.8,37.2,18.6,81.0,4,0
611,26,5,2,0,2,3,0,635,1,1,49.7,37.7,16.9,132.7,5,1
612,23,2,0,1,2,5,1,462,2,1,43.3,37.6,19.5,158.9,5,2
613,34,5,0,2,0,10,1,564,1,1,16.1,38.7,14.2,139.2,5,2
614,35,2,0,1,1,6,1,619,1,0,15.9,38.8,14.3,155.7,5,2
615,35,2,2,2,1,5,0,411,2,2,28.4,36.8,14.0,113.1,4,0
616,26,5,2,1,1,8,1,714,2,0,48.4,36.6,15.4,83.1,3,2
617,30,2,1,2,0,8,0,797,0,2,25.8,36.7,13.2,129.9,1,0
618,34,2,0,2,2,3,1,589,0,1,29.4,37.6,17.3,85.0,2,2
619,38,2,1,2,0,0,1,685,2,0,10.9,36.1,16.0,92.6,2,2
620,27,2,1,1,0,5,0,480,1,1,43.1,38.7,13.5,120.9,2,0
621,26,5,2,1,2,0,0,720,2,0,36.5,37.8,17.6,105.6,5,1
622,31,0,2,2,0,4,1,658,2,0,15.6,38.4,15.9,95.2,3,2
623,22,2,0,2,1,7,1,613,2,2,35.4,36.4,14.2,145.3,4,2
624,40,2,0,0,2,2,1,704,0,1,49.8,38.1,12.2,150.6,1,2
625,22,5,3,1,2,1,0,746,2,0,21.1,36.8,15.4,127.9,3,1
626,22,5,0,0,1,0,1,618,0,2,27.3,36.5,14.7,97.9,2,2
627,31,5,1,2,1,9,0,692,1,0,21.1,38.7,17.4,95.7,0,0
628,20,2,0,2,2,7,0,531,0,0,16.4,38.7,19.4,112.3,0,1
629,29,0,3,1,2,9,1,626,2,0,43.8,38.0,13.3,177.6,1,2
630,29,5,2,0,2,5,1,582,0,2,36.4,38.3,13.8,177.7,2,2
631,28,2,0,2,2,7,1,737,0,0,38.9,37.7,17.7,135.7,0,2
632,32,5,1,0,2,5,0,587,1,0,39.6,36.9,19.1,92.8,0,1
633,22,5,1,0,0,9,1,420,1,1,49.8,37.6,19.8,127.5,1,2
634,35,5,3,0,1,6,1,449,0,1,25.8,38.1,18.7,112.3,3,2
635,33,2,1,1,2,10,1,642,1,2,39.3,36.5,13.2,125.9,0,2
636,35,5,3,2,0,10,0,597,0,1,41.0,36.2,17.6,169.3,2,0
637,21,2,2,2,0,7,1,537,2,2,45.3,37.7,14.5,102.9,1,2
638,20,2,3,1,1,2,1,436,1,1,43.2,38.4,16.4,113.8,3,2
639,35,5,0,1,1,6,0,768,2,0,33.3,37.8,15.2,171.0,0,0
640,31,2,2,2,0,1,0,680,1,2,16.4,38.7,19.1,176.4,2,0
641,25,5,0,0,1,4,0,671,1,0,35.6,37.3,12.5,130.1,4,0
642,22,2,3,2,2,1,1,424,2,1,48.9,38.1,19.2,175.6,5,2
643,32,2,1,2,0,2,1,734,0,0,26.1,37.9,18.3,161.1,2,2
644,24,2,1,2,0,8,0,583,1,1,14.9,38.6,14.4,141.0,0,0
645,36,2,2,1,0,3,0,698,2,0,33.2,37.1,19.2,128.7,0,0
646,36,5,3,0,1,4,0,574,0,2,24.1,36.3,15.2,118.9,4,1
647,26,2,3,0,2,8,0,689,1,1,17.5,38.1,12.3,159.7,0,1
648,27,2,1,0,0,1,0,568,0,2,30.5,38.7,17.7,81.4,0,0
649,26,5,1,1,2,8,1,416,1,0,27.6,36.0,12.4,81.5,0,2
650,20,5,0,1,0,6,0,786,1,1,10.6,36.7,12.6,159.6,3,0
651,32,5,3,2,1,2,0,571,1,2,15.2,36.8,12.2,108.0,3,1
652,38,5,1,2,2,0,1,722,1,1,39.1,37.2,13.3,84.9,0,2
653,35,2,3,1,2,10,1,649,1,1,26.3,36.3,15.8,116.4,0,2
654,35,6,3,0,2,10,0,654,0,1,31.8,37.6,12.7,99.8,5,1
655,20,5,3,2,2,4,0,705,2,2,35.2,37.1,14.8,159.8,5,1
656,20,2,2,1,1,0,0,415,2,1,20.5,36.1,17.9,116.1,4,0
657,35,2,1,1,0,1,0,568,1,1,15.8,38.4,13.7,86.7,5,0
658,31,2,0,1,2,8,1,474,0,2,34.6,38.7,19.5,125.2,0,2
659,33,2,2,2,2,5,0,546,0,1,41.1,36.7,14.1,145.4,0,1
660,26,5,2,1,1,2,0,696,1,2,11.0,37.5,12.3,97.3,1,1
661,26,2,0,1,2,0,0,721,1,1,35.6,38.3,14.1,152.7,1,1
662,30,7,0,0,1,3,0,719,1,0,32.6,38.1,16.0,118.7,3,0
663,35,5,3,1,2,10,0,450,1,2,47.0,38.4,18.9,107.9,5,1
664,31,2,1,1,0,6,0,431,0,2,38.7,38.7,14.4,130.6,2,0
665,24,3,2,1,1,6,1,598,1,1,47.5,37.6,19.0,121.4,0,2
666,22,2,0,1,2,8,1,585,1,2,21.0,38.6,16.6,99.1,1,2
667,25,2,2,2,0,7,1,617,1,1,27.9,38.8,17.8,158.3,1,2
668,22,5,2,2,1,0,1,768,0,0,22.0,37.6,18.3,101.9,0,2
669,24,2,3,2,2,3,0,580,0,1,37.4,36.8,18.8,85.1,3,1
670,32,5,3,2,2,3,1,642,0,1,26.1,38.0,16.8,121.7,1,2
671,38,5,2,1,0,1,1,422,1,0,16.2,38.0,16.5,149.3,1,2
672,31,2,0,0,0,8,1,665,2,1,20.3,36.6,17.1,173.8,1,2
673,23,5,1,2,0,1,0,470,1,1,43.4,38.9,15.1,130.8,0,0
674,31,5,0,2,2,7,0,475,1,0,39.3,38.2,13.1,150.7,2,1
675,24,2,1,2,2,5,1,451,0,0,26.9,36.6,19.9,94.8,5,2
676,25,6,0,1,0,9,0,686,0,2,40.0,38.7,15.2,154.5,0,0
677,39,5,0,0,2,2,1,488,1,1,33.2,38.1,14.7,138.2,0,2
678,31,2,3,1,2,10,0,580,2,2,13.9,36.0,19.9,177.1,5,1
679,24,2,1,2,2,2,0,663,2,0,40.3,36.8,14.2,147.4,0,1
680,37,2,0,0,0,7,0,494,1,2,48.5,37.2,17.0,133.2,4,0
681,23,5,1,2,2,5,0,781,1,0,27.5,36.5,14.7,106.5,3,1
682,26,2,2,1,0,0,1,503,0,0,39.6,36.1,18.3,173.6,1,2
683,32,2,1,2,2,2,0,788,1,1,31.9,37.7,12.0,177.6,2,1
684,24,5,1,1,1,6,0,560,1,0,44.9,36.3,19.8,122.2,5,0
685,36,5,2,1,2,6,0,674,2,0,25.5,36.4,14.5,109.2,5,1
686,29,7,1,2,2,2,1,577,2,0,35.0,38.6,15.4,89.3,4,2
687,20,2,3,0,2,9,1,653,0,0,45.1,37.1,12.4,158.2,3,2
688,31,5,2,2,0,1,0,412,0,2,38.1,38.2,15.9,111.7,0,0
689,38,5,3,0,1,6,0,785,0,0,14.5,37.2,12.3,84.7,3,1
690,33,5,1,1,1,5,0,408,0,2,21.0,37.4,17.0,148.5,4,0
691,27,5,2,0,2,10,0,602,1,1,42.2,38.0,18.8,146.6,4,1
692,29,2,0,1,1,4,1,770,1,2,26.9,37.9,13.3,81.3,4,2
693,30,2,1,2,0,1,1,690,0,2,21.0,36.1,19.8,82.0,0,2
694,22,5,3,0,1,4,1,647,1,0,32.2,38.1,14.8,166.3,1,2
695,34,2,2,2,2,4,0,425,0,1,45.6,37.5,17.9,139.0,3,1
696,29,5,3,1,2,0,0,564,0,2,25.9,37.1,15.1,134.2,5,1
697,31,5,2,2,1,5,0,791,2,0,37.7,37.6,14.4,166.9,4,0
698,29,7,1,0,0,10,1,404,2,2,49.6,38.7,14.9,170.9,3,2
699,28,5,2,0,2,3,0,597,1,2,45.3,36.2,13.6,175.8,5,1
700,23,5,0,0,2,0,0,497,2,1,24.0,37.0,18.9,120.9,2,1
701,25,2,3,2,1,8,1,620,2,2,24.1,36.1,14.2,106.9,2,2
702,40,5,2,2,1,9,0,682,2,2,20.8,36.3,19.1,82.8,1,0
703,23,5,2,0,2,1,0,618,1,2,29.9,37.5,12.9,118.2,4,1
704,33,5,0,1,1,7,1,696,0,2,39.5,36.1,19.4,128.0,0,2
705,38,5,1,2,2,3,0,557,1,2,48.8,37.0,15.5,106.8,0,1
706,28,5,3,1,0,2,0,468,1,0,32.6,36.4,17.4,168.6,5,0
707,20,2,2,0,2,8,1,628,1,2,30.8,38.4,13.9,134.0,4,2
708,32,5,3,0,2,6,1,710,0,1,28.3,36.9,12.5,95.2,3,2
709,21,5,2,0,1,2,1,722,0,2,16.4,36.2,16.3,151.1,5,2
710,21,3,2,0,0,1,0,567,2,1,16.7,36.4,17.1,175.8,3,0
711,39,5,1,0,0,3,0,519,0,1,44.6,36.2,18.0,127.3,3,0
712,24,2,1,2,2,3,0,531,1,1,25.6,36.2,14.7,121.8,5,1
713,24,2,2,1,2,1,1,496,0,0,23.9,37.6,19.7,100.8,5,2
714,22,2,3,1,1,3,1,539,2,0,32.2,37.5,17.8,125.4,5,2
715,27,2,1,2,0,10,1,500,0,1,27.3,36.4,19.9,160.3,1,2
716,23,5,3,0,2,10,0,533,0,0,25.3,36.3,18.9,118.2,3,1
717,29,2,2,1,0,1,1,497,0,2,32.5,38.9,18.5,152.6,3,2
718,29,2,1,1,1,8,1,538,0,2,29.2,36.4,16.5,129.3,4,2
719,40,5,1,1,0,5,1,751,1,1,17.2,36.1,19.2,83.8,5,2
720,31,5,3,2,0,0,0,513,1,2,32.4,36.2,14.7,112.3,4,0
721,28,5,3,0,1,10,1,544,1,2,18.8,36.3,18.2,102.3,1,2
722,22,5,3,2,1,7,1,443,0,2,42.1,37.5,19.3,87.1,1,2
723,26,2,0,0,2,10,0,421,1,2,43.3,38.8,16.8,170.1,4,1
724,36,2,1,2,1,2,0,557,1,2,21.5,38.7,13.9,83.4,1,0
725,40,5,3,1,1,5,1,777,0,0,31.1,37.9,12.1,153.0,3,2
726,23,2,1,2,1,10,1,621,0,0,28.2,38.7,19.4,122.6,5,2
727,39,2,0,1,1,0,0,551,0,1,46.2,36.2,18.9,123.5,1,0
728,26,5,2,1,2,10,0,473,0,0,44.8,38.7,18.0,168.9,5,1
729,26,5,3,2,2,1,0,686,2,1,49.8,37.8,18.9,86.7,1,1
730,33,5,3,0,0,1,1,415,1,1,12.4,37.7,14.3,92.2,4,2
731,29,2,3,0,1,7,0,554,0,2,16.5,38.8,13.7,123.1,4,1
732,34,2,2,1,2,3,0,549,0,2,33.9,37.1,20.0,81.4,2,1
733,37,5,3,1,0,3,1,761,1,0,23.6,36.2,12.0,95.8,3,2
734,26,2,2,0,2,4,0,761,2,1,17.6,37.9,14.0,124.7,3,1
735,39,7,2,0,2,4,1,600,2,1,49.1,37.0,12.9,167.8,4,2
736,23,2,1,1,2,9,1,599,1,1,37.9,36.4,18.5,93.7,2,2
737,28,5,3,1,2,2,0,742,2,0,28.7,38.8,14.2,146.3,1,1
738,20,2,2,1,2,9,0,623,1,1,16.7,36.1,14.2,158.7,0,1
739,26,5,1,0,1,10,1,759,1,1,19.0,36.6,17.4,151.6,2,2
740,33,5,2,1,2,3,1,720,1,1,28.0,37.3,13.5,157.8,4,2
741,25,7,1,1,1,7,1,702,1,0,31.7,38.2,13.7,173.7,2,2
742,33,5,1,2,1,8,1,541,2,0,32.9,37.6,16.7,127.4,2,2
743,38,5,2,1,2,0,0,729,1,1,29.4,38.7,15.6,83.6,0,1
744,33,6,2,1,2,7,0,433,2,0,28.8,37.7,13.9,94.2,4,1
745,22,5,2,2,2,3,1,408,1,2,49.1,38.4,15.8,86.7,0,2
746,26,5,1,1,2,5,0,795,2,1,45.3,36.6,12.7,92.5,2,1
747,30,2,2,0,1,3,0,764,0,1,10.6,36.4,15.0,171.0,2,1
748,36,2,1,0,1,1,0,591,1,2,47.8,36.5,12.9,156.5,0,1
749,26,5,2,1,1,4,0,663,1,1,31.7,38.6,14.2,150.4,0,1
750,21,6,2,2,2,8,1,583,0,0,24.1,37.2,18.6,166.2,3,2
751,27,0,0,1,0,10,0,599,2,1,39.1,36.2,13.9,97.0,5,0
752,38,2,2,1,0,4,0,713,0,1,22.6,36.8,13.7,174.7,3,0
753,34,5,2,0,1,8,0,699,0,1,19.6,38.5,15.2,129.6,5,1
754,27,5,3,0,2,9,0,603,2,2,45.9,36.1,19.1,178.6,1,1
755,36,2,3,2,0,8,0,691,0,1,19.4,38.5,16.1,85.6,4,0
756,31,5,1,2,0,2,0,628,2,1,48.5,37.6,18.8,135.0,2,0
757,36,2,0,1,2,5,1,522,0,1,21.2,36.2,15.2,143.0,1,2
758,31,2,2,2,1,10,1,458,1,1,38.9,37.8,20.0,123.3,0,2
759,28,2,2,2,2,0,0,605,0,0,44.4,37.1,17.4,146.8,3,1
760,36,2,3,2,1,3,1,648,2,2,10.8,37.6,16.5,172.6,5,2
761,37,2,3,0,0,4,0,718,2,0,14.7,38.2,12.2,149.1,3,0
762,38,5,2,0,2,8,1,563,1,2,14.1,38.7,20.0,89.2,1,2
763,31,5,1,2,2,1,0,785,0,2,50.0,37.7,18.1,108.8,5,1
764,27,2,2,0,2,7,1,418,0,1,23.4,36.2,15.7,83.2,5,2
765,37,2,0,0,2,4,0,441,1,1,14.5,37.4,19.2,125.3,5,1
766,22,6,1,0,2,8,1,782,2,0,35.7,38.9,13.5,124.3,1,2
767,37,5,2,1,1,6,1,583,1,2,13.4,37.8,18.4,99.1,3,2
768,32,5,3,1,0,4,0,718,1,1,26.1,37.9,12.4,143.0,1,0
769,40,5,1,1,2,9,0,412,1,1,22.4,36.8,16.4,132.6,1,1
770,24,5,0,1,0,8,0,678,0,1,27.7,36.1,13.9,90.3,5,0
771,27,2,3,1,1,0,1,708,0,1,24.6,38.7,12.0,150.9,5,2
772,32,5,2,2,0,0,1,725,2,2,47.7,37.2,17.5,176.7,2,2
773,23,3,3,1,2,3,1,437,0,0,13.7,38.1,13.5,173.0,1,2
774,23,2,2,0,0,1,1,740,1,1,45.3,38.8,17.0,163.7,5,2
775,40,5,0,0,2,10,0,759,2,1,37.7,36.2,12.1,131.9,1,1
776,25,5,0,2,1,8,1,659,0,0,38.1,39.0,16.2,127.3,4,2
777,21,2,2,2,2,6,1,402,0,1,29.1,38.2,19.0,154.1,0,2
778,24,2,3,0,0,6,0,567,2,0,17.3,36.7,18.8,136.5,1,0
779,23,5,0,2,0,9,0,520,1,2,25.5,37.2,18.5,91.8,1,0
780,30,5,0,1,1,8,0,774,2,1,17.0,37.0,19.6,177.2,5,0
781,24,5,2,0,0,2,0,478,0,1,43.0,37.4,18.4,103.8,4,0
782,29,6,0,2,0,10,1,759,0,0,26.5,37.4,12.9,93.9,3,2
783,38,5,2,1,2,1,0,766,0,2,11.2,37.9,12.1,96.2,1,1
784,31,5,3,0,0,7,0,654,0,1,31.3,37.5,18.3,160.6,5,0
785,27,2,0,2,0,8,0,436,1,1,47.9,38.4,15.7,98.2,1,0
786,24,2,1,2,0,8,1,690,1,0,49.9,38.1,12.1,176.5,3,2
787,23,1,2,1,2,4,1,788,2,0,16.7,36.5,12.8,163.3,5,2
788,21,4,2,2,0,8,1,653,2,0,46.6,37.6,16.5,174.8,1,2
789,23,5,2,1,0,4,0,640,1,1,30.7,37.2,16.6,165.0,4,0
790,27,2,3,0,1,4,1,427,1,1,28.5,37.8,13.2,93.6,2,2
791,25,2,0,1,0,2,0,523,2,2,47.0,36.1,16.6,82.3,4,0
792,28,2,1,1,1,6,1,656,2,1,34.5,37.6,14.7,99.1,2,2
793,40,5,3,1,1,5,1,604,0,0,18.6,37.5,14.9,163.6,3,2
794,30,5,2,2,1,10,1,474,2,2,23.7,36.3,14.6,166.7,2,2
795,37,2,1,0,1,2,1,797,2,2,36.6,38.1,16.6,116.3,4,2
796,37,2,0,2,2,0,0,707,0,1,27.9,37.2,19.8,136.2,4,1
797,20,5,3,0,2,9,0,503,0,0,26.0,36.4,12.3,94.0,0,1
798,33,2,1,0,0,3,0,786,1,1,15.5,38.5,13.9,170.0,4,0
799,27,5,0,1,2,6,1,400,0,1,48.1,37.5,16.9,134.7,2,2
800,36,2,2,0,0,6,0,717,1,1,42.9,37.9,12.5,150.3,1,0
801,32,2,3,1,0,9,1,751,1,0,14.8,37.9,16.9,87.8,3,2
802,20,5,1,0,2,9,0,762,0,1,18.8,36.7,18.7,145.3,1,1
803,22,5,1,1,2,1,0,797,0,1,13.0,38.0,15.1,154.7,4,1
804,30,5,2,0,0,9,0,800,1,0,11.0,37.8,13.0,179.0,5,0
805,22,3,3,0,1,9,0,689,1,1,34.3,37.3,15.7,112.9,0,1
806,28,5,1,2,0,2,0,447,2,0,13.2,37.4,19.6,101.0,4,0
807,24,6,3,1,0,8,1,621,2,1,19.7,36.5,14.5,162.7,5,2
808,20,2,0,1,1,4,1,715,0,0,24.1,37.1,13.0,135.0,0,2
809,40,2,0,0,2,6,0,778,2,2,50.0,36.6,13.4,82.8,5,1
810,23,2,1,0,0,10,1,710,0,0,27.2,38.5,13.7,146.8,0,2
811,25,2,1,1,1,4,1,644,1,1,27.2,36.4,12.6,108.6,4,2
812,35,5,2,2,2,2,1,783,2,2,20.8,38.7,18.3,146.4,1,2
813,26,2,3,0,2,7,0,732,0,0,31.4,36.6,12.3,83.1,5,1
814,38,2,1,1,0,10,0,534,0,0,47.1,36.5,18.9,173.2,4,0
815,38,5,3,0,2,9,1,646,1,0,23.2,38.2,13.1,171.3,0,2
816,39,5,3,2,1,2,1,504,0,2,18.5,37.6,15.8,118.9,4,2
817,35,5,0,1,0,6,1,648,0,0,31.4,36.9,19.5,176.5,3,2
818,28,5,3,0,1,3,0,405,1,2,41.3,38.2,13.7,132.0,1,1
819,38,5,2,1,2,9,1,678,0,2,38.9,38.4,19.2,159.9,1,2
820,26,5,0,2,2,3,0,786,1,0,34.4,36.5,18.8,143.3,2,1
821,34,5,2,1,2,0,1,675,1,0,16.6,36.7,17.9,130.6,5,2
822,27,5,2,1,0,2,0,572,2,0,22.7,36.8,17.0,167.7,3,0
823,28,7,1,0,0,1,1,453,2,1,19.1,37.5,14.4,101.8,0,2
824,29,5,0,2,1,9,0,781,0,2,15.7,38.0,18.0,98.5,3,0
825,26,2,2,0,0,9,1,752,0,2,13.6,36.5,16.2,115.8,2,2
826,27,2,2,0,1,6,1,713,1,1,13.6,37.9,17.8,149.7,2,2
827,36,2,3,0,0,0,0,430,1,1,33.3,36.9,17.3,83.7,2,0
828,35,2,1,0,0,5,0,800,0,1,49.4,38.1,17.0,82.3,2,0
829,28,2,2,0,1,8,1,707,1,1,30.0,37.5,16.3,151.8,3,2
830,33,5,2,2,1,7,1,569,2,2,14.1,36.3,19.1,90.5,3,2
831,32,2,3,1,1,10,1,689,2,2,28.9,37.9,14.0,157.1,4,2
832,36,5,3,0,2,8,0,792,1,2,37.0,37.4,17.6,154.8,0,1
833,20,5,2,0,0,10,1,647,1,0,34.4,37.8,18.0,171.2,1,2
834,32,2,2,0,0,1,0,456,1,2,18.6,36.6,19.6,145.5,1,0
835,35,1,1,1,0,5,0,625,0,0,20.9,37.6,18.5,127.0,2,0
836,23,2,0,1,2,8,1,647,2,0,30.1,36.7,13.3,174.7,4,2
837,38,5,3,1,2,9,1,627,1,1,15.7,37.5,18.6,89.4,0,2
838,30,2,2,0,1,7,0,572,2,1,29.7,38.0,18.3,85.4,5,0
839,39,2,1,1,2,1,1,436,0,1,12.2,37.4,18.5,115.8,4,2
840,26,5,1,0,0,4,0,417,1,0,18.8,38.3,17.9,84.8,5,0
841,25,2,2,1,0,1,1,593,2,2,27.0,37.7,16.2,118.1,1,2
842,23,2,0,2,1,3,1,516,2,1,23.7,37.5,15.9,121.3,1,2
843,29,2,2,2,1,0,0,563,0,0,25.6,37.6,15.0,141.2,4,0
844,23,5,2,1,1,7,1,689,0,0,36.4,36.5,14.3,172.5,1,2
845,36,2,2,0,0,9,1,583,0,0,48.8,37.1,13.9,81.5,1,2
846,26,5,0,2,1,3,1,709,0,2,26.8,37.6,15.1,139.6,5,2
847,40,2,0,2,1,4,0,408,0,1,46.4,37.5,18.6,159.0,5,0
848,32,2,2,2,2,0,1,745,1,0,34.8,38.3,12.4,138.1,2,2
849,39,2,3,2,2,3,0,659,1,2,43.1,36.0,12.5,135.2,3,1
850,27,2,0,1,0,3,0,667,2,2,20.0,36.2,17.1,118.7,0,0
851,35,1,3,0,0,7,0,551,0,0,18.8,38.8,18.6,101.1,3,0
852,39,2,2,0,0,0,0,518,1,0,13.4,37.4,14.4,113.6,3,0
853,31,5,0,2,0,9,0,524,2,2,33.1,37.7,16.2,105.1,2,0
854,35,2,3,2,2,7,1,647,0,1,46.9,36.1,19.5,146.1,0,2
855,30,5,1,2,2,3,1,681,2,2,34.2,37.6,18.8,90.0,2,2
856,36,2,2,2,2,8,0,717,2,2,41.3,38.4,12.7,159.7,1,1
857,39,5,2,1,0,7,0,630,1,0,34.8,38.7,13.2,161.5,5,0
858,34,5,1,0,0,0,1,586,1,2,49.2,37.7,17.2,153.8,2,2
859,40,5,1,0,1,7,0,694,2,2,49.1,36.0,18.8,169.0,1,1
860,27,5,2,1,2,0,0,581,1,0,15.9,38.1,17.6,108.3,4,1
861,36,5,0,0,0,10,0,531,2,0,11.1,36.6,15.2,176.4,3,0
862,24,2,2,1,2,4,0,415,2,2,48.5,37.2,19.1,90.9,1,1
863,34,5,1,2,0,1,0,411,0,2,25.6,37.4,17.9,148.7,4,0
864,33,2,3,1,1,1,0,665,1,1,47.5,38.8,17.5,112.7,2,1
865,33,7,0,0,0,5,1,738,2,1,26.1,38.7,17.3,152.1,0,2
866,37,2,1,0,1,9,1,463,2,1,20.8,37.1,18.1,177.8,2,2
867,23,2,1,1,2,2,1,504,2,2,15.0,37.7,17.5,142.3,3,2
868,24,2,1,1,1,5,0,413,2,2,34.5,38.3,18.3,151.4,3,0
869,34,5,2,1,2,6,0,448,0,1,10.9,37.7,13.6,163.7,0,1
870,26,2,1,2,0,0,1,682,1,2,10.4,38.3,12.1,170.3,0,2
871,39,5,1,0,2,7,0,591,0,1,23.7,38.7,19.7,96.6,0,1
872,28,2,2,2,1,2,0,672,0,1,27.3,38.5,15.2,150.5,3,1
873,24,5,1,0,2,8,1,574,0,0,46.8,36.3,13.2,132.2,1,2
874,28,5,3,0,2,0,0,771,0,2,30.6,36.5,18.9,133.0,5,1
875,35,2,1,1,1,1,0,599,2,0,46.2,37.3,12.3,93.2,1,0
876,24,5,1,0,0,5,0,582,2,0,33.6,36.7,14.9,115.6,5,0
877,40,2,0,0,1,9,0,410,0,1,49.5,37.1,19.6,133.7,3,0
878,39,2,1,2,1,0,0,531,0,0,31.1,38.4,17.4,120.3,2,0
879,22,2,2,0,2,3,1,460,2,0,13.0,37.0,17.1,156.5,2,2
880,34,2,2,2,0,9,1,667,1,1,31.3,36.2,18.1,148.1,5,2
881,21,2,0,1,0,10,0,691,1,0,41.9,38.5,16.2,177.4,1,0
882,29,2,0,0,0,4,1,712,2,0,23.7,37.0,15.8,114.4,0,2
883,37,5,1,0,2,9,0,502,1,1,21.9,37.4,17.3,101.5,2,1
884,23,2,2,2,2,7,0,442,1,2,14.1,36.2,16.3,136.7,4,1
885,27,2,3,2,0,8,0,703,0,0,10.3,37.8,12.9,122.1,4,0
886,40,2,0,0,0,3,0,473,2,2,43.3,38.2,12.6,133.7,3,0
887,29,5,0,2,0,2,1,724,2,2,41.2,37.4,12.6,134.3,5,2
888,26,5,1,1,2,2,1,775,2,2,27.5,38.3,12.9,148.4,3,2
889,28,3,0,2,0,5,0,540,0,2,22.1,37.9,16.3,98.4,5,0
890,32,5,2,2,1,5,0,580,2,1,39.4,36.2,14.1,172.2,3,0
891,25,7,2,1,2,3,1,724,2,1,20.6,36.5,19.3,88.1,4,2
892,23,2,0,1,0,7,1,774,1,2,33.9,37.4,13.4,112.0,4,2
893,40,5,0,2,2,7,1,511,1,2,38.9,37.4,12.9,161.6,4,2
894,21,5,1,2,1,8,0,485,1,0,11.8,37.1,14.8,147.7,1,0
895,29,2,3,1,0,5,0,684,0,0,14.0,37.5,14.4,100.9,2,0
896,30,5,2,2,0,1,0,583,0,0,23.3,36.8,16.6,92.5,1,0
897,31,2,0,0,0,5,0,688,1,0,25.4,36.2,15.2,125.0,4,0
898,30,2,3,1,2,5,1,489,0,2,30.0,36.5,16.6,115.3,2,2
899,23,2,2,2,0,6,1,431,2,0,21.3,36.8,17.3,170.9,1,2
900,33,2,1,0,1,8,1,432,0,2,32.3,37.7,14.8,122.0,3,2
901,25,3,1,1,2,6,0,799,0,1,19.9,38.7,18.0,106.7,4,1
902,29,2,2,0,0,0,0,692,0,2,34.9,38.0,13.6,131.7,1,0
903,38,2,3,1,2,4,0,706,1,1,44.2,36.3,18.3,91.5,4,1
904,35,4,3,2,2,8,1,551,0,0,39.0,36.9,17.9,114.6,3,2
905,26,2,1,0,2,8,1,742,2,0,19.8,38.5,16.9,137.1,5,2
906,20,5,3,1,0,6,1,714,0,0,24.7,36.9,17.9,142.5,3,2
907,26,2,3,1,0,1,1,452,0,1,23.9,37.4,12.3,132.3,0,2
908,24,5,2,2,2,2,1,556,0,1,33.9,37.3,17.6,112.7,0,2
909,26,5,2,2,2,1,1,584,2,1,30.3,37.6,13.1,94.1,0,2
910,23,2,2,2,1,6,1,711,1,1,41.9,37.7,15.4,168.7,5,2
911,20,2,2,0,1,5,0,684,0,0,34.6,37.5,17.1,113.4,2,1
912,28,2,0,1,0,8,0,475,0,2,17.5,38.1,17.8,96.1,3,0
913,28,5,2,0,1,4,0,535,2,1,21.0,38.0,18.8,120.9,5,0
914,35,2,2,2,1,4,0,707,1,1,23.2,36.5,13.7,146.8,1,1
915,36,2,1,0,2,9,0,505,0,0,12.5,38.4,19.7,107.9,3,1
916,21,2,1,0,1,6,0,554,2,2,49.2,36.6,17.6,90.2,5,0
917,24,2,0,1,0,6,1,642,0,0,49.5,38.3,12.5,172.6,4,2
918,25,2,1,1,2,2,1,570,0,1,14.6,38.8,17.6,169.7,1,2
919,30,5,1,2,0,5,1,794,0,2,18.6,36.4,17.2,163.9,3,2
920,39,2,0,2,2,4,1,519,2,1,42.3,38.2,16.8,113.5,0,2
921,27,5,1,0,2,8,0,743,0,1,37.0,36.2,14.7,82.7,0,1
922,25,2,3,0,2,9,0,776,1,0,42.3,36.1,13.9,163.6,1,1
923,21,2,2,1,1,4,0,731,1,2,38.7,36.2,12.2,103.4,4,1
924,21,2,3,2,0,4,1,440,1,2,30.7,39.0,13.2,85.0,2,2
925,32,2,1,0,1,0,1,457,2,1,32.5,36.8,18.3,144.8,1,2
926,22,2,3,1,1,7,1,577,1,2,28.4,38.3,16.8,139.2,3,2
927,36,2,1,0,0,10,0,415,1,2,24.2,38.8,19.2,89.2,2,0
928,20,2,0,0,0,1,0,420,0,0,10.1,36.5,14.9,163.4,5,0
929,22,5,1,1,0,8,0,455,2,2,35.4,37.3,19.8,151.6,5,0
930,31,2,1,0,1,7,1,512,2,1,44.5,37.9,16.9,95.2,1,2
931,27,5,2,1,1,2,0,474,2,1,19.7,37.0,17.3,154.8,1,0
932,32,5,1,1,2,0,0,675,0,1,22.9,37.7,15.6,143.0,4,1
933,31,5,0,2,2,3,1,530,0,2,42.8,38.4,14.6,167.9,5,2
934,22,2,0,1,1,7,1,617,1,0,31.7,36.4,15.1,83.3,5,2
935,31,5,1,1,0,7,1,768,0,0,10.9,37.5,14.0,164.9,1,2
936,30,3,2,0,1,7,0,681,1,2,35.7,36.2,14.1,173.7,2,1
937,26,5,0,0,2,7,1,772,1,2,13.9,37.6,15.7,135.4,0,2
938,33,7,1,2,2,2,1,622,1,1,23.9,36.2,18.0,102.9,1,2
939,30,5,0,0,1,8,1,410,0,0,15.5,38.8,13.6,168.4,1,2
940,21,2,1,2,0,7,1,703,2,0,18.9,37.6,17.1,126.8,0,2
941,20,2,3,2,0,0,0,748,1,0,32.2,39.0,15.4,126.1,4,0
942,35,5,3,2,1,7,0,663,2,1,19.9,37.1,19.9,95.4,4,0
943,40,5,0,0,0,8,0,443,1,2,46.3,36.1,19.1,108.3,4,0
944,35,5,3,2,1,9,1,613,1,2,42.5,37.7,17.4,125.0,3,2
945,35,5,0,0,0,3,0,638,2,0,12.5,36.7,14.8,167.9,2,0
946,32,5,3,2,2,9,0,727,0,0,48.1,38.7,17.2,160.8,4,1
947,40,3,1,2,0,2,1,750,1,0,39.9,36.7,19.2,83.1,3,2
948,38,5,2,2,1,10,1,667,2,0,43.4,38.8,12.8,157.8,0,2
949,30,5,2,0,0,0,1,580,1,2,39.7,37.7,19.4,100.0,5,2
950,23,2,0,2,2,4,0,790,2,1,12.5,36.4,12.6,109.6,4,1
951,21,2,3,0,0,3,1,772,1,0,17.9,38.9,12.9,88.3,1,2
952,30,2,3,1,1,5,0,791,1,1,42.4,37.5,18.0,128.1,0,1
953,25,5,1,2,2,7,1,692,2,1,38.1,38.0,15.1,113.5,0,2
954,20,7,2,2,1,1,1,475,0,1,47.1,37.0,16.9,125.5,0,2
955,21,2,0,1,1,10,0,638,1,0,44.8,36.7,15.5,135.0,0,0
956,34,5,0,1,0,1,1,519,2,0,32.3,38.7,12.7,104.1,1,2
957,37,5,1,1,1,6,0,461,1,0,39.0,37.0,17.2,155.8,2,0
958,35,2,0,0,2,9,0,795,0,0,38.6,38.7,14.8,104.7,0,1
959,32,2,3,0,1,8,0,435,2,2,41.9,36.8,15.3,101.4,2,1
960,20,2,1,2,0,6,1,565,0,2,46.9,36.9,13.3,151.2,4,2
961,34,2,3,2,1,0,1,701,1,1,36.5,37.8,14.5,111.3,1,2
962,30,5,1,1,1,7,1,428,1,1,35.0,36.8,13.5,160.5,3,2
963,37,5,3,1,1,4,0,685,2,2,46.9,36.1,13.2,102.9,4,1
964,30,2,3,0,1,0,1,799,2,2,19.4,38.3,15.1,125.3,0,2
965,35,5,0,1,2,3,1,660,1,1,34.8,36.9,19.6,140.6,0,2
966,40,5,1,0,0,9,0,718,2,1,39.0,38.8,13.2,91.2,3,0
967,26,5,1,1,0,8,1,401,1,0,15.9,37.9,15.8,103.0,3,2
968,26,2,3,1,1,1,0,576,2,1,35.4,36.1,13.7,176.0,5,1
969,32,5,1,1,2,10,1,430,0,1,45.2,38.8,19.0,107.1,1,2
970,29,5,3,0,2,0,1,422,0,1,23.8,37.1,17.1,141.0,4,2
971,27,5,2,1,1,0,0,661,0,1,47.6,38.7,19.6,173.8,2,1
972,26,2,0,1,0,8,1,491,1,1,26.3,38.2,13.1,80.1,1,2
973,25,5,1,1,0,4,1,555,0,0,32.2,36.7,18.6,165.8,3,2
974,24,2,0,1,0,2,1,553,2,0,33.2,38.4,15.6,162.7,1,2
975,35,5,3,2,0,4,1,408,0,2,18.3,37.0,19.7,165.6,1,2
976,27,5,0,0,1,1,1,746,0,0,22.9,36.1,17.1,174.1,4,2
977,25,5,3,2,1,2,1,685,0,2,23.9,38.9,19.0,148.8,3,2
978,24,2,0,0,2,1,1,439,1,1,23.5,38.9,15.5,88.9,0,2
979,24,2,2,1,2,3,1,785,2,1,13.9,36.7,15.5,107.2,2,2
980,37,5,0,0,0,9,0,763,2,2,23.3,38.6,15.6,117.8,1,0
981,23,3,2,2,1,4,1,605,0,0,23.3,37.0,15.3,138.4,0,2
982,38,2,0,2,1,1,1,591,0,1,42.8,36.0,18.8,90.9,3,2
983,20,2,1,1,1,10,0,608,2,0,24.1,36.7,19.1,140.5,4,0
984,33,2,1,1,2,4,0,571,1,1,38.3,37.2,15.7,103.1,1,1
985,36,5,1,1,0,2,1,663,2,1,10.4,37.1,13.2,131.1,3,2
986,33,2,3,1,2,0,0,761,0,0,27.3,37.4,12.7,160.6,0,1
987,39,5,1,1,2,6,0,695,0,0,22.1,37.2,14.8,84.5,4,1
988,34,2,0,0,1,2,1,632,0,0,20.3,36.3,12.3,124.1,2,2
989,39,2,2,0,0,8,1,563,1,0,12.4,38.2,18.0,86.2,2,2
990,35,2,0,2,1,2,1,407,1,0,45.5,38.9,17.1,96.2,2,2
991,36,1,3,2,0,3,1,591,1,1,32.3,36.2,15.2,80.2,1,2
992,30,2,3,0,0,0,0,651,1,1,21.7,38.9,12.8,134.2,4,0
993,30,5,0,2,1,7,0,733,2,0,23.1,37.1,18.1,118.1,3,0
994,36,5,0,0,0,10,0,526,1,0,19.6,36.0,18.0,84.7,5,0
995,35,2,1,2,1,9,0,748,1,0,19.7,39.0,12.6,179.1,0,0
996,33,5,3,0,1,10,1,773,0,2,27.5,38.9,16.4,92.5,0,2
997,31,2,2,0,1,9,1,580,2,0,27.5,37.4,13.9,179.9,5,2
998,21,5,0,2,1,0,1,511,2,1,36.3,38.5,16.4,85.3,2,2
999,29,5,3,2,0,0,1,433,2,1,33.9,38.5,18.8,144.2,2,2
